{
  "editor:insert-link": [],
  "workspace:export-pdf": [
    {
      "modifiers": [
        "Mod",
        "Shift"
      ],
      "key": "P"
    }
  ],
  "obsidian-auto-link-title:enhance-url-with-title": [],
  "obsidian-git:commit-push-specified-message": [
    {
      "modifiers": [
        "Mod"
      ],
      "key": "K"
    }
  ],
  "obsidian-git:pull": [
    {
      "modifiers": [
        "Alt",
        "Mod"
      ],
      "key": "P"
    }
  ],
  "obsidian-git:open-git-view": [
    {
      "modifiers": [
        "Alt",
        "Mod"
      ],
      "key": "S"
    }
  ],
  "obsidian-kanban:toggle-kanban-view": [
    {
      "modifiers": [
        "Alt",
        "Mod"
      ],
      "key": "T"
    }
  ]
}