{
  "main": {
    "id": "f9508c72efec9470",
    "type": "split",
    "children": [
      {
        "id": "414e9632750a09aa",
        "type": "tabs",
        "children": [
          {
            "id": "231d0ecdf777027f",
            "type": "leaf",
            "state": {
              "type": "markdown",
              "state": {
                "file": "docs/papers/read-dairy.md",
                "mode": "source",
                "source": false
              }
            }
          }
        ]
      }
    ],
    "direction": "vertical"
  },
  "left": {
    "id": "1cf8a6c5889338d6",
    "type": "split",
    "children": [
      {
        "id": "986c2766e027ae11",
        "type": "tabs",
        "children": [
          {
            "id": "e5fb1abf4287bce9",
            "type": "leaf",
            "state": {
              "type": "file-explorer",
              "state": {
                "sortOrder": "alphabetical"
              }
            }
          },
          {
            "id": "3af94c3f442307d5",
            "type": "leaf",
            "state": {
              "type": "bookmarks",
              "state": {}
            }
          },
          {
            "id": "1d2a417b4d4421b7",
            "type": "leaf",
            "state": {
              "type": "search",
              "state": {
                "query": "",
                "matchingCase": false,
                "explainSearch": false,
                "collapseAll": false,
                "extraContext": false,
                "sortOrder": "alphabetical"
              }
            }
          }
        ]
      }
    ],
    "direction": "horizontal",
    "width": 200
  },
  "right": {
    "id": "47a7fb051f9573eb",
    "type": "split",
    "children": [
      {
        "id": "1be3b56d45aba669",
        "type": "tabs",
        "children": [
          {
            "id": "cbb2b0927a9a2b61",
            "type": "leaf",
            "state": {
              "type": "backlink",
              "state": {
                "file": "docs/papers/read-dairy.md",
                "collapseAll": true,
                "extraContext": true,
                "sortOrder": "alphabetical",
                "showSearch": false,
                "searchQuery": "",
                "backlinkCollapsed": false,
                "unlinkedCollapsed": true
              }
            }
          },
          {
            "id": "dbce23fdc71b5bd7",
            "type": "leaf",
            "state": {
              "type": "outgoing-link",
              "state": {
                "file": "docs/papers/read-dairy.md",
                "linksCollapsed": false,
                "unlinkedCollapsed": true
              }
            }
          },
          {
            "id": "5d12bf5c232f51b8",
            "type": "leaf",
            "state": {
              "type": "tag",
              "state": {
                "sortOrder": "frequency",
                "useHierarchy": true
              }
            }
          },
          {
            "id": "b12cdacea1391417",
            "type": "leaf",
            "state": {
              "type": "all-properties",
              "state": {
                "sortOrder": "frequency",
                "showSearch": false,
                "searchQuery": ""
              }
            }
          },
          {
            "id": "fe33bc386c72aa8e",
            "type": "leaf",
            "state": {
              "type": "outline",
              "state": {
                "file": "docs/papers/read-dairy.md"
              }
            }
          },
          {
            "id": "6c7a22ce9a44906b",
            "type": "leaf",
            "state": {
              "type": "code-execute-manage-executors",
              "state": {}
            }
          },
          {
            "id": "b02e2e30d05790c3",
            "type": "leaf",
            "state": {
              "type": "git-view",
              "state": {}
            }
          },
          {
            "id": "79aef470e1fbe4d9",
            "type": "leaf",
            "state": {
              "type": "advanced-tables-toolbar",
              "state": {}
            }
          }
        ],
        "currentTab": 4
      }
    ],
    "direction": "horizontal",
    "width": 200
  },
  "left-ribbon": {
    "hiddenItems": {
      "graph:Open graph view": false,
      "canvas:Create new canvas": false,
      "command-palette:Open command palette": false,
      "publish:Publish changes...": false,
      "random-note:Open random note": false,
      "workspaces:Manage workspace layouts": false,
      "switcher:Open quick switcher": false,
      "oz-clear-unused-images:Clear Unused Images": false,
      "omnisearch:Omnisearch": false,
      "table-editor-obsidian:Advanced Tables Toolbar": false,
      "obsidian-excalidraw-plugin:Create new drawing": false,
      "obsidian-importer:Open Importer": false
    }
  },
  "active": "231d0ecdf777027f",
  "lastOpenFiles": [
    "docs/Excalidraw/Drawing-2024-01-24-11.42.08.excalidraw.md",
    "docs/Excalidraw/Drawing_2024-01-24_15.34.27.excalidraw.md",
    "docs/papers/read-dairy.md",
    "assets/Pasted image 20240216144139.png",
    "assets/Pasted image 20240216143622.png",
    "2024-02-16.md",
    "docs/papers/gpt-chats-history.md",
    "docs/papers/nopo-nerf.pdf",
    "docs/papers/Point-SLAM-Dense-Neural-Point-Cloud-based-SLAM.pdf",
    "docs/papers/neuralrecon.pdf",
    "docs/OS/GPU-wsl.md",
    "assets/c68058356f448e566b6677b9455f17a_1.png",
    "assets/Pasted_image_20240204144722.png",
    "assets/530bcd1287b9daae311bd6a7d0d8f6e_1.png",
    "assets/1ffa2d81edf7f1dece8d86f71f4b57f_2.png",
    "docs/VCS/github/SSH_keypair_setup_for_GitHub.md",
    "docs/VCS/github/How_to_connect_ssh.md",
    "docs/VCS/github",
    "docs/VCS/git.md",
    "docs/VCS",
    "docs/Language/python/third_party_lib/pyqt6.md",
    "docs/Language/python/third_party_lib/Numpy.md",
    "docs/Language/python/third_party_lib/Milvus.md",
    "docs/Language/python/third_party_lib/django.md",
    "docs/Language/python/PyPI/PyPI-recovery-Codes.md",
    "docs/Language/python/py-env/Poetry.md",
    "docs/Language/python/PyPI/Account_settings.md",
    "docs/Language/python/py-env/Pip.md",
    "docs/Language/python/py-env/conda.md",
    "docs/Language/python/standard_lib/Pathlib.md",
    "docs/Language/python/third_party_lib",
    "docs/Language/python/PyPI",
    "docs/Language/python/standard_lib",
    "docs/Language/python/py-env",
    "docs/Language/python",
    "docs/Language/C++/STL/vector.md",
    "docs/Language/C++/STL/unordered_set.md",
    "docs/Language/C++/STL/unordered_map.md",
    "docs/Language/C++/STL/String.md",
    "docs/Language/C++/STL/stack.md",
    "docs/Language/C++/STL/set.md",
    "assets/Pasted_image_20240211170112.png",
    "assets/Pasted_image_20240211163343.png",
    "assets/cookbook 2.md/Exported image 20231211121254-0.png",
    "assets/cookbook 1.md/Exported image 20231211121234-5.png",
    "未命名.canvas",
    "未命名 3.canvas",
    "未命名 2.canvas",
    "未命名 1.canvas",
    "Untitled.canvas"
  ]
}